org.apache.commons.lang3.time.FastDatePrinter$TwelveHourField$appendTo<Ljava/lang/StringBuffer;Ljava/util/Calendar;>
org.apache.commons.lang3.time.FastDateParser$TextStrategy$isNumber<>
org.apache.commons.lang3.time.FastDatePrinter$TimeZoneNameRule$appendTo<Ljava/lang/StringBuffer;Ljava/util/Calendar;>
org.apache.commons.lang3.time.FastDatePrinter$TimeZoneDisplayKey$equals<Ljava/lang/Object;>
org.apache.commons.lang3.time.FastDatePrinter$UnpaddedNumberField$appendTo<Ljava/lang/StringBuffer;I>
org.apache.commons.lang3.time.FastDatePrinter$TimeZoneNameRule$<init><Ljava/util/TimeZone;Ljava/util/Locale;I>
org.apache.commons.lang3.time.FastDatePrinter$getTimeZoneDisplay<Ljava/util/TimeZone;ZILjava/util/Locale;>
org.apache.commons.lang3.time.FastDatePrinter$TextField$appendTo<Ljava/lang/StringBuffer;Ljava/util/Calendar;>
org.apache.commons.lang3.time.FastDatePrinter$TimeZoneDisplayKey$<init><Ljava/util/TimeZone;ZILjava/util/Locale;>
org.apache.commons.lang3.time.FastDatePrinter$parsePattern<>
org.apache.commons.lang3.time.FastDatePrinter$TimeZoneNameRule$estimateLength<>
org.apache.commons.lang3.time.FastDatePrinter$TimeZoneDisplayKey$hashCode<>
org.apache.commons.lang3.time.FastDatePrinter$TwelveHourField$estimateLength<>
org.apache.commons.lang3.time.FastDatePrinter$TwelveHourField$<init><Lorg/apache/commons/lang3/time/FastDatePrinter$NumberRule;>
org.apache.commons.lang3.time.FastDatePrinter$UnpaddedNumberField$<init><I>
org.apache.commons.lang3.time.FastDatePrinter$UnpaddedNumberField$estimateLength<>
org.apache.commons.lang3.time.FastDatePrinter$selectNumberRule<II>
org.apache.commons.lang3.time.FastDateParser$getStrategy<Ljava/lang/String;Ljava/util/Calendar;>
org.apache.commons.lang3.time.FastDateFormat$format<Ljava/util/Calendar;>
org.apache.commons.lang3.time.FormatCache$getInstance<Ljava/lang/String;Ljava/util/TimeZone;Ljava/util/Locale;>
org.apache.commons.lang3.time.FastDateFormat$getInstance<Ljava/lang/String;>
org.apache.commons.lang3.time.FastDatePrinter$format<Ljava/util/Calendar;>
org.apache.commons.lang3.time.FastDatePrinter$format<Ljava/util/Calendar;Ljava/lang/StringBuffer;>
org.apache.commons.lang3.time.FastDatePrinter$CharacterLiteral$appendTo<Ljava/lang/StringBuffer;Ljava/util/Calendar;>
org.apache.commons.lang3.time.FastDatePrinter$TwoDigitNumberField$appendTo<Ljava/lang/StringBuffer;Ljava/util/Calendar;>
org.apache.commons.lang3.time.FastDatePrinter$TwoDigitNumberField$appendTo<Ljava/lang/StringBuffer;I>
org.apache.commons.lang3.time.FastDatePrinter$applyRules<Ljava/util/Calendar;Ljava/lang/StringBuffer;>
org.apache.commons.lang3.time.FastDatePrinter$TextField$estimateLength<>
org.apache.commons.lang3.time.FastDatePrinter$TextField$<init><I[Ljava/lang/String;>
org.apache.commons.lang3.time.FastDateParser$TimeZoneStrategy$<init><Ljava/util/Locale;>
org.apache.commons.lang3.time.FastDateParser$TimeZoneStrategy$addRegex<Lorg/apache/commons/lang3/time/FastDateParser;Ljava/lang/StringBuilder;>
org.apache.commons.lang3.time.FastDateParser$TextStrategy$<init><ILjava/util/Calendar;Ljava/util/Locale;>
org.apache.commons.lang3.time.FastDateParser$TextStrategy$addRegex<Lorg/apache/commons/lang3/time/FastDateParser;Ljava/lang/StringBuilder;>
org.apache.commons.lang3.time.FastDateParser$getDisplayNames<ILjava/util/Calendar;Ljava/util/Locale;>
org.apache.commons.lang3.time.FastDateParser$escapeRegex<Ljava/lang/StringBuilder;Ljava/lang/String;Z>
org.apache.commons.lang3.time.FastDateParser$getLocaleSpecificStrategy<ILjava/util/Calendar;>
org.apache.commons.lang3.time.FastDateParser$getCache<I>
org.apache.commons.lang3.time.FastDatePrinter$TwoDigitNumberField$<init><I>
org.apache.commons.lang3.time.FastDatePrinter$TwoDigitNumberField$estimateLength<>
org.apache.commons.lang3.time.FastDateFormat$<clinit><>
org.apache.commons.lang3.time.FormatCache$<init><>
org.apache.commons.lang3.time.FastDateFormat$<init><Ljava/lang/String;Ljava/util/TimeZone;Ljava/util/Locale;>
org.apache.commons.lang3.time.FastDateFormat$1$createInstance<Ljava/lang/String;Ljava/util/TimeZone;Ljava/util/Locale;>
org.apache.commons.lang3.time.FormatCache$MultipartKey$hashCode<>
org.apache.commons.lang3.time.FormatCache$MultipartKey$<init><[Ljava/lang/Object;>
org.apache.commons.lang3.time.FormatCache$<clinit><>
org.apache.commons.lang3.time.FastDatePrinter$parseToken<Ljava/lang/String;[I>
org.apache.commons.lang3.time.FastDatePrinter$CharacterLiteral$estimateLength<>
org.apache.commons.lang3.time.FastDatePrinter$CharacterLiteral$<init><C>
org.apache.commons.lang3.time.FastDatePrinter$<init><Ljava/lang/String;Ljava/util/TimeZone;Ljava/util/Locale;>
org.apache.commons.lang3.time.FastDatePrinter$init<>
org.apache.commons.lang3.time.FastDatePrinter$<clinit><>
org.apache.commons.lang3.time.FastDateParser$CopyQuotedStrategy$isNumber<>
org.apache.commons.lang3.time.FastDateParser$init<>
org.apache.commons.lang3.time.FastDateParser$CopyQuotedStrategy$<init><Ljava/lang/String;>
org.apache.commons.lang3.time.FastDateParser$access$100<ILjava/util/Calendar;Ljava/util/Locale;>
org.apache.commons.lang3.time.FastDateParser$CopyQuotedStrategy$addRegex<Lorg/apache/commons/lang3/time/FastDateParser;Ljava/lang/StringBuilder;>
org.apache.commons.lang3.time.FastDateParser$<init><Ljava/lang/String;Ljava/util/TimeZone;Ljava/util/Locale;>
org.apache.commons.lang3.time.FastDateParser$NumberStrategy$addRegex<Lorg/apache/commons/lang3/time/FastDateParser;Ljava/lang/StringBuilder;>
org.apache.commons.lang3.time.FastDateParser$isNextNumber<>
org.apache.commons.lang3.time.FastDateParser$<clinit><>
org.apache.commons.lang3.time.FastDateParser$1$<init><I>
org.apache.commons.lang3.time.FastDateParser$NumberStrategy$<init><I>
org.apache.commons.lang3.time.FastDateParser$2$<init><I>
org.apache.commons.lang3.time.FastDateParser$4$<init><I>
org.apache.commons.lang3.time.FastDateParser$3$<init><I>
